{
  "require_storm_to_spawn": true,
  "aberration_spawnweight": 10,
  "mohast_spawnweight": 10,
  "miraid_spawnweight": 1,
  "craeken_spawnweight": 1,
  "manaraw_spawnweight": 1,
  "sighthunter_spawnweight": 1,
  "aberration_health": 25.0,
  "aberration_attack_damage": 4.0,
  "aberration_exp": 5,
  "mohast_health": 25.0,
  "mohast_attack_damage": 4.0,
  "mohast_exp": 5,
  "miraid_health": 70.0,
  "miraid_attack_damage": 7.0,
  "miraid_exp": 5,
  "craeken_health": 80.0,
  "craeken_attack_damage": 6.0,
  "craeken_exp": 5,
  "manaraw_health": 100.0,
  "manaraw_attack_damage": 10.0,
  "manaraw_exp": 20,
  "sighthunter_health": 25.0,
  "sighthunter_attack_damage": 6.0,
  "sighthunter_exp": 8
}