 {
  "schema_version": 1,
  "failed_reloads_per_session": 5,
  "default_packs": [
    "file/NoBushyLeaves.zip",
    "file/Xaero\u0027s Minimap - Mod Icons.zip",
    "file/Mandalas_Legacy_Gui_Background.zip",
    "file/MandalasGUI_Legacy+Modded_Dakmode_v4.2.zip",
    "file/xali\u0027s Enchanted Books v0.12.0.zip",
    "file/Stay_True_1.19.zip"
  ],
  "default_overrides": {
    "force_compatible": true
  },
  "pack_overrides": {
    "file/Charm_Architects_Palette_integration.zip": {
      "hidden": true
    },
    "file/Charm_BetterEnd_integration_v2.zip": {
      "hidden": true
    },
    "file/Charm_BetterNether_integration_v2.zip": {
      "hidden": true
    },
    "file/AdventureZ_NetheriteFix_1.0+1.19.2.zip": {
      "hidden": true
    },
    "file/Repurposed_Structures-Better_Dungeons_v4.zip": {
      "hidden": true
    },
    "file/Repurposed_Structures-Better_Monuments_v5.zip": {
      "hidden": true
    },
    "file/WDA-VanillaLoot-1.18.2-1.19.2-0.0.1.zip": {
      "hidden": true
    },
    "file/Charm-Woodcutter-BYG-Add-On.zip": {
      "hidden": true
    },
    "file/Repurposed_Structures-Better_Witch_Huts_v3.zip": {
      "hidden": true
    },
    "file/Repurposed_Structures-Bygone_Nether_v1.zip": {
      "hidden": true
    },
    "file/Repurposed_Structures-Better_Nether_Fortress_v4.zip": {
      "hidden": true
    },
    "file/Repurposed_Structures-Bountiful_v2.zip": {
      "hidden": true
    },
    "file/Repurposed_Structures-Farmers_Delight_v5.zip": {
      "hidden": true
    },
    "file/Repurposed_Structures-Friends_And_Foes_v3.zip": {
      "hidden": true
    },
    "file/Repurposed_Structures-Oh_The_Biomes_Youll_Go_v2.zip": {
      "hidden": true
    },
    "file/Repurposed_Structures-VillagersPlus_v1.zip": {
       "hidden": true
    },
    "file/Repurposed_Structures-Chef's_Delight_v1.zip": {
      "hidden": true
    },
    "Everycomp Generated Pack": {
      "hidden": true
    },
    "Supplementaries Generated Pack": {
      "hidden": true
    },
    "charmonium/journeyman": {
      "hidden": true
    },
    "lambdabettergrass/default": {
      "hidden": true
    },
    "meadow/bushy_leaves": {
      "hidden": true
    },
    "Snowyspirit Generated Pack": {
      "hidden": true
    },
    "continuity/default": {
      "hidden": true
    },
    "meadow/green_stove": {
      "hidden": true
    },
    "file/FarmersDelight_ToolFix_1.0+1.19.2.zip": {
      "hidden": true
    },
    "file/RarerStructures-SpacingTweaks-1.19.2-2.1.54.zip": {
      "hidden": true
    },
    "file/Repurposed_Structures-Chef's_Delight_v2.zip": {
      "hidden": true
    },
    "file/Trinkets_GloveFix_1.1+1.19.2.zip": {
      "hidden": true
    },
    "file/TwilightForest_MeltFix.zip": {
      "hidden": true
    },
    "file/WDA-NoFlyingStructures-OWEND-1.18.2-1.19.zip": {
      "hidden": true
    },
    "file/ichphilipp-s-endcity-better-end-1-18-1.zip": {
      "hidden": true
    },
    "Twilight Classic": {
      "hidden": true
    },
    "file/Charm_Promenade_integration.zip": {
      "hidden": true
    },
    "continuity/glass_pane_culling_fix": {
      "hidden": true
    }
  }
}
