{
    "ModSettings": {
        "highlight_foused_items": {
            "value": false
        },
        "highlight_foused_items_foreground": false,
        "highlight_clicking_slot": false,
        "first_run": false
    },
    "GuiSettings": {
        "enable_profiles_ui": {
            "value": false
        },
        "enable_profiles_announcement": false,
        "show_continuous_crafting_checkbox": {
            "value": false
        },
        "continuous_crafting_saved_value": false
    },
    "LockedSlotsSettings": {
        "locked_slots_empty_hotbar_as_semi_locked": {
            "value": false
        }
    }
}