{
    "net.minecraft.class_490": {
        "buttonHints": {
            "SORT": {
                "horizontalOffset": -13,
                "bottom": 12
            },
            "MOVE_TO_CONTAINER": {
                "horizontalOffset": -1
            },
            "SORT_COLUMNS": {
                "horizontalOffset": -1
            },
            "SORT_ROWS": {
                "horizontalOffset": -1
            },
            "SHOW_EDITOR": {
                "horizontalOffset": -8,
                "top": -8
            },
            "SETTINGS": {
                "horizontalOffset": -8,
                "top": -10
            }
        }
    },
    "tech.thatgravyboat.ironchests.client.ChestScreen": {
        "buttonHints": {
            "SHOW_EDITOR": {
                "horizontalOffset": -8,
                "top": -8
            },
            "SETTINGS": {
                "horizontalOffset": -8,
                "top": -10
            }
        }
    },
    "net.minecraft.class_481": {
        "buttonHints": {
            "SHOW_EDITOR": {
                "horizontalOffset": -8,
                "top": -8
            },
            "SETTINGS": {
                "horizontalOffset": -8,
                "top": -10
            }
        }
    },
    "net.minecraft.class_492": {
        "buttonHints": {
            "SHOW_EDITOR": {
                "horizontalOffset": -8,
                "top": -8
            },
            "SETTINGS": {
                "horizontalOffset": -8,
                "top": -10
            }
        }
    }
}